{"sfx":-21.615304946899415,"bgm":-8.692917823791504,"master":-4.3085455894470219}