{"sfx":-14.507991790771485,"bgm":-19.815404891967775,"master":-30.660982131958009}