{"sfx":-29.507192611694337,"bgm":-2.2778773307800295,"master":0.0}