{"sfx":-21.615304946899415,"bgm":-12.312238693237305,"master":-6.64431095123291}