{"sfx":-32.76668167114258,"bgm":-21.66948699951172,"master":-21.86589813232422}